{"cameraMode":{"drawMode":0,"name":"Shaded","section":"Shading Mode"},"sceneLighting":true,"audioPlay":false,"sceneViewState":{"showFog":true,"showMaterialUpdate":true,"showSkybox":true,"showFlares":true,"showImageEffects":true,"showParticleSystems":true},"in2DMode":false,"pivot":{"x":0.16423797607421876,"y":0.735013484954834,"z":0.7182798385620117},"rotation":{"x":0.11665614694356919,"y":-0.08035729080438614,"z":0.009519553743302822,"w":0.9899070858955383},"size":1.7109813690185547,"orthographic":false}