{"cameraMode":{"drawMode":0,"name":"Shaded","section":"Shading Mode"},"sceneLighting":true,"audioPlay":false,"sceneViewState":{"showFog":true,"showMaterialUpdate":true,"showSkybox":true,"showFlares":true,"showImageEffects":true,"showParticleSystems":true},"in2DMode":false,"pivot":{"x":0.025333642959594728,"y":-0.7368965148925781,"z":-0.16651153564453126},"rotation":{"x":0.1031755581498146,"y":0.42407065629959109,"z":-0.04863196611404419,"w":0.8984475135803223},"size":8.903515815734864,"orthographic":false}